valid_accuracy,train_accuracy,valid_f1,train_f1,valid_recall,train_recall,valid_precision,train_precision
0.7626582278481012,0.8378164556962026,0.8590225563909775,0.9017728797316722,0.9682203389830508,0.996822033898305,0.7719594594594594,0.8232720909886264
0.7420886075949367,0.8401898734177216,0.8440191387559809,0.9027911453320501,0.934322033898305,0.9936440677966102,0.7696335078534031,0.8271604938271605
0.7436708860759493,0.8354430379746836,0.8465909090909092,0.9005736137667305,0.9470338983050848,0.9978813559322034,0.7654109589041096,0.8205574912891986
0.7626582278481012,0.8405854430379747,0.8587570621468927,0.9032877369810415,0.9661016949152542,0.996822033898305,0.7728813559322034,0.8258007898200965
0.7784810126582279,0.8279272151898734,0.8679245283018868,0.8961566006206731,0.9745762711864406,0.9941737288135594,0.782312925170068,0.8157322903085615
