valid_accuracy,train_accuracy,valid_f1,train_f1,valid_recall,train_recall,valid_precision,train_precision
0.754746835443038,0.8014240506329114,0.8555452003727866,0.8820488721804511,0.972457627118644,0.9941737288135594,0.7637271214642263,0.792652027027027
0.7626582278481012,0.8002373417721519,0.861111111111111,0.88142756515614,0.9851694915254238,0.9941737288135594,0.7648026315789473,0.7916490932096162
0.75,0.8006329113924051,0.8523364485981308,0.8818565400843883,0.9661016949152542,0.996292372881356,0.7625418060200669,0.7910008410428931
0.7579113924050633,0.7950949367088608,0.8576744186046512,0.8790849673202614,0.9766949152542372,0.9973516949152542,0.7645107794361525,0.7858931552587646
0.7737341772151899,0.7946993670886076,0.8662301216089803,0.878653261631985,0.9809322033898306,0.9952330508474576,0.7755443886097152,0.7865215571368773
