valid_accuracy,train_accuracy,valid_f1,train_f1,valid_recall,train_recall,valid_precision,train_precision
0.7531645569620253,0.8073575949367089,0.8544776119402986,0.8854387203011056,0.9703389830508474,0.996822033898305,0.7633333333333333,0.7964451967837495
0.7626582278481012,0.807753164556962,0.8605947955390335,0.885593220338983,0.9809322033898306,0.996292372881356,0.7665562913907285,0.7970338983050848
0.754746835443038,0.8057753164556962,0.8555452003727866,0.8847147217656727,0.972457627118644,0.9978813559322034,0.7637271214642263,0.7946014339940953
0.759493670886076,0.8006329113924051,0.8589981447124305,0.8820776789892373,0.9809322033898306,0.9984110169491526,0.764026402640264,0.7900251466890192
0.7753164556962026,0.7986550632911392,0.8675373134328358,0.8807683298196298,0.9851694915254238,0.9957627118644068,0.775,0.7895842083158336
